work_id	title	favorites_count
21031	｢DAYS｣	34873
21604	「KING OF PRISM by PrettyRhythm」	19498
27124	「ROCK MUSICAL BLEACH」～もうひとつの地上～	1643
21339	「おそ松さん」おうまでこばなし	14586
23902	「じょしらく弐 ～時かけそば～」	1074
21009	「ツキウタ。THE ANIMATION」dアニメストア特別映像特典	6461
25138	｢終わりのセラフ｣The Musical	2722
21579	『あんさんぶるスターズ！オンステージ』	2232
21560	『美男高校地球防衛部LOVE！活劇！』	1585
20555	【緊急特番】霊剣山　星屑たちの前夜祭	2333
21401	【最終章】學蘭歌劇『帝一の國』―血戦のラストダンス―	2524
21744	2.5次元ダンスライブ　ツキステ。LUNATIC LIVE（2016年12月公演）	3058
21774	2.5次元ダンスライブ「ツキウタ。」ステージ 第一幕 ver.BLACK（2016年4月公演）	3168
21743	2.5次元ダンスライブ「ツキウタ。」ステージ 第一幕 ver.WHITE（2016年4月公演）	3299
24164	2.5次元ダンスライブ「ツキウタ。」ステージ 第二幕 ～月歌奇譚「夢見草」～月の章	2167
24163	2.5次元ダンスライブ「ツキウタ。」ステージ 第二幕 ～月歌奇譚「夢見草」～桜の章	2362
21837	3月のライオン	68054
23695	8P channel	2672
21350	91Days	73857
21168	ALL OUT!!	15395
21141	angela デビュー13周年記念☆拡大版｢全部が主題歌ライヴ！！｣	2880
20904	angelaの｢ミュージック・ワンダー★大サーカス2015～10th Anniversary～｣	1370
22141	Animelo Summer Live 2016 刻-TOKI-	9497
21001	B-PROJECT～鼓動＊アンビシャス～	21876
28613	CYBORG009 CALL OF JUSTICE	3670
26148	Dimension W	10120
22810	DRIFTERS	55072
25265	Fate/Grand Order -First Order-	34849
20987	Fate/kaleid liner プリズマ☆イリヤ ドライ!!	43423
24288	JAM Project 15th Anniversary Premium LIVE THE STRONGER’S PARTY	613
21145	MAMI KAWADA FINAL F∀N FESTIVAL “F”	2666
21844	MIMORI SUZUKO LIVE TOUR 2016 "GRAND REVUE" FINAL at NIPPON BUDOKAN	1170
21025	NEW GAME!	86489
21171	Occultic;Nine -オカルティック・ナイン-	55810
21623	orange	34932
21983	OVA ハイスクール・フリート	27667
25659	OVAスタミュ　1	3790
25660	OVAスタミュ　2	2525
21024	OZMAFIA!!	3046
20984	planetarian ～ちいさなほしのゆめ～	25310
21675	planetarian～星の人～	18553
21100	RAYVE2016 FINAL ～Wonder Little Trip～	1499
23925	RedAsh	1245
21793	ReLIFE	76838
20981	RS計画　-Rebirth Storage-	15214
20971	SERVAMP-サーヴァンプ-	35787
21106	SHOW BY ROCK！！ MUSICAL～唱え家畜共ッ！深紅色の堕天革命黙示録ッ！！	5258
21108	SHOW BY ROCK!!#	12020
20970	SHOW BY ROCK!!しょ～と!!	7851
21240	Spookiz Season 2／スプーキッズ　シーズン2	363
20871	SUPER LOVERS	39530
21026	Thunderbolt Fantasy 東離劍遊紀	10209
21166	TO BE HERO	2687
20993	TVアニメ｢Rewrite｣	40622
21044	TVアニメ｢ベルセルク｣公式WEBラジオ　ベルセルクアワー｢狭間のラジオ｣	720
21845	UCHIDA MAAYA 1st LIVE 『Hello, 1st contact!』	4171
23926	UTOPA	409
22037	ViVid Strike!	23277
21164	WWW.WORKING!!	61946
21915	ZIP!～朝だよ！貝社員～	2727
22960	アイカツ！～ねらわれた魔法のアイカツ！カード～	7589
21962	アイカツスターズ！	16443
21161	アイドルメモリーズ	3003
21434	あおおに　～じ・あにめぇしょん～	4692
21294	アクセル・ワールド－インフィニット・バースト－	42420
20548	アクティヴレイド －機動強襲室第八係－	15345
21017	アクティヴレイド －機動強襲室第八係－2nd	8807
21110	あにトレ！XX～ひとつ屋根の下で～	6840
20975	あまんちゅ！	23928
20995	アルスラーン戦記　風塵乱舞	42110
27065	アングリーバード	975
21032	アンジュ・ヴィエルジュ	16970
20883	あんハピ♪	21869
21023	いっぽう日本昔ばなし	4733
21853	イナズマデリバリー	3869
21619	イヤホンズ vs Aice5～それがユニット！～NHKホール公演	1491
21618	イヤホンズ一周年記念LIVE　東京声優朝焼物語	1341
20882	うさかめ	3219
21157	うたの☆プリンスさまっ♪ マジLOVEレジェンドスター	31184
21179	うどんの国の金色毛鞠	38839
20889	エンドライド	12027
21151	おくさまが生徒会長!+!	22239
28850	おくさまが生徒会長!+!完全版	3555
20535	おしえて！ ギャル子ちゃん	22654
20572	おじさんとマシュマロ	7523
29034	おじゃる丸 まったり迷作セレクション	1422
24787	オシリスの天秤-season2-	2625
22184	おそ松さん on STAGE ～SIX MEN'S SHOW TIME～ 配信版	7712
21039	おそ松さん　第3.5話	17254
24497	カードファイト!! ヴァンガードG NEXT	1498
24498	カードファイト!! ヴァンガードG Z	1443
21169	ガーリッシュ ナンバー	33074
20897	カミワザ・ワンダ	1197
21459	ガラスの花と壊す世界	15009
21725	ガンダムビルドファイターズトライ アイランド・ウォーズ	16985
23849	がんばれ！ルルロロ 第３シリーズ	1165
27943	きかんしゃトーマス（シリーズ20）	168
20879	キズナイーバー	40818
21901	きもしば	1481
23651	きんいろモザイク Pretty Days	18531
23353	きんだーてれび	233
21006	クオリディア・コード	51699
20876	くまみこ	23316
21198	クラシカロイド	8724
20911	クレーンゲール	947
23577	クレーンゲール Galaxy	348
29262	クロムクロ	4833
21965	コードギアス 亡国のアキト	58730
23219	こねこのチー　ポンポンらー大冒険	2954
20525	この素晴らしい世界に祝福を！	201007
20708	この男子、魔法がお仕事です。	4710
21028	この美術部には問題がある！	58973
20901	コンクリート・レボルティオ～超人幻想～THE LAST SONG	3553
24788	サバパラ	118
28861	しまじろうと　えほんのくに	147
20556	シュヴァルツェスマーケン	25425
20872	ジョーカー・ゲーム	70470
21563	ジョジョの奇妙な冒険 ダイヤモンドは砕けない	101931
25755	シルバニア村のたからもの	1003
21013	スカーレッドライダーゼクス	8652
22753	ずっと前から好きでした。～告白実行委員会～	33486
21146	ステラのまほう	22034
21824	ストライク・ザ・ブラッドⅡ OVA	46056
25081	スノーホワイトー白雪姫とハナの大冒険ー	600
23726	ゾンビダム	276
21188	タイガーマスクW	1985
21012	タイムトラベル少女～マリ・ワカと8人の科学者たち～	2595
21174	タイムボカン24	2738
21004	タブー・タトゥー	33597
21897	タマ＆フレンズ～うちのタマ知りませんか？～	5104
21061	たまゆら～卒業写真～第4部　朝－あした－	6664
20977	ダンガンロンパ3―The End of 希望ヶ峰学園―絶望編	46435
20976	ダンガンロンパ3―The End of 希望ヶ峰学園―未来編	46829
22016	ダンジョンに出会いを求めるのは間違っているだろうか OVA	57490
22558	チア男子!!	7326
21167	チーティングクラフト	4138
21898	ちょびっとづかん	1420
20997	ツキウタ。 THE ANIMATION	23201
26504	つまみは塩だけ 大阪ロケ編2016	415
26505	つまみは塩だけの宴in大阪2016 昼の部	352
20528	ディバインゲート	14181
20996	テイルズ オブ ゼスティリア ザ クロス	20887
20570	てーきゅう 7期	4748
21111	てーきゅう 8期	5256
24732	デジモンアドベンチャー tri. 第２章「決意」	6988
24733	デジモンアドベンチャー tri. 第３章「告白」	6920
24404	デジモンユニバース アプリモンスターズ	2302
26931	デュエル・マスターズVSRF	1047
20545	デュラララ!!×２ 結	40090
20945	テラフォーマーズ　リベンジ	20004
20529	ナースウィッチ小麦ちゃんＲ	6118
21177	ナゾトキネ	3693
21286	なめこ～せかいのともだち～	1872
21163	ナンバカ	34672
21165	にゃんぼー！	3259
20906	ねこねこ日本史	9248
21010	ねじ巻き精霊戦記 天鏡のアルデラミン	36485
20874	ネトゲの嫁は女の子じゃないと思った？	70280
26221	ノラガミ（OAD) 一緒に写真を	7943
20542	ノルン+ノネット	21110
21153	バーナード嬢曰く｡	8765
21181	ハイキュー!! 烏野高校 ＶＳ 白鳥沢学園高校	89699
20894	ハイスクール・フリート	56186
24985	ハイパープロジェクション演劇「ハイキュー!!」"烏野、復活！"	5884
24984	ハイパープロジェクション演劇「ハイキュー!!」"頂の景色"(再演)	5300
21908	ばくおん!!	27885
23347	ばくおん!!こーひー!!	7671
21002	パズドラクロス	3008
21863	バッテリー	16929
22591	バトルスピリッツ ダブルドライブ	1503
21007	ばなにゃ	3249
23781	パパンがパンダ! その3	173
23782	パパンがパンダ! その4	178
20526	ハルチカ～ハルタとチカは青春する～	31807
20974	はんだくん	67464
20899	パンでPeace！	6667
20886	ハンドレッド	38575
21627	パンパカパンツ　WおＮＥＷ！	1122
20870	ビッグオーダー	25297
20551	ファンタシースターオンライン２ ジ アニメーション	18622
20531	ブブキ・ブランキ	12911
21150	ブブキ・ブランキ 星の巨人	6932
20948	フューチャーカード バディファイトDDD	2880
20896	ふらいんぐうぃっち	84080
21187	フリップフラッパーズ	16180
21499	プリパラ 3rd season	15857
20530	プリンス・オブ・ストライド オルタナティブ	24077
21148	ブレイブウィッチーズ	25685
21997	ヘボット！	3231
20972	ベルセルク	44128
28706	ポケットモンスター サン＆ムーン	3087
26170	ポッピンQ	3683
20877	ぼのぼの(2016)	10617
24879	マギ シンドバッドの冒険	25673
20867	マクロスΔ(デルタ)	90480
21191	マジきゅんっ！ルネッサンス	14648
21311	ミュージカル｢Dance with Devils｣	2546
23226	ミュージカル「Dance with Devils～D.C.（ダ・カーポ）～」	1353
21849	ミュージカル「ヘタリア～The Great World～」	9128
23747	ミュージカル「黒執事」～NOAH'S ARK CIRCUS～	5954
27499	ミュージカル「忍たま乱太郎」第7弾 再演 2016～水軍砦三つ巴の戦い～	2052
27498	ミュージカル「忍たま乱太郎」第7弾 初演 2016～水軍砦三つ巴の戦い～	2299
27500	ミュージカル「忍たま乱太郎」第7弾 忍術学園 学園祭 2016	2091
21691	ミュージカル「美少女戦士セーラームーン」-Amour Eternal-	2654
21595	ミュージカル『青春-AOHARU-鉄道』2～信越地方よりアイをこめて～	1387
21233	ミュージカル『刀剣乱舞』 ～阿津賀志山異聞～	24830
21626	ミュージカル『刀剣乱舞』 ～真剣乱舞祭2016～	23140
21496	ミュージカル『刀剣乱舞』 ～幕末天狼傳～	25526
22014	ミュージカル『刀剣乱舞』 in 嚴島神社	21324
21594	ミュージカル『薄桜鬼』HAKU-MYU LIVE2	3247
21078	ミュージカル『薄桜鬼』新選組奇譚	3776
22181	モブサイコ100	93935
26145	ももくり	10517
21175	モンスターハンター ストーリーズ RIDE ON	7707
21186	ユーリ!!! on ICE	89371
23211	ゆゆ式OVA　「困らせたり、困らされたり」	10841
21343	ライブ・ファンタジー「FAIRY TAIL」	2559
20547	ラクエンロジック	9892
24543	ラストエグザイル -銀翼のファム- Over The Wishes	7401
20992	ラブライブ！サンシャイン!!	54006
25906	ラブライブ！μ's Final LoveLive!～μ’sic Forever♪♪♪♪♪♪♪♪♪～	9979
24004	リルリルフェアリル～妖精のドア～	4127
25049	ルパン三世TVSP #25 ルパン三世 イタリアン・ゲーム	9181
20985	レガリア The Three Sacred Stars	14012
20907	レゴ ニンジャゴー	1177
21063	レゴ ネックスナイツ	782
21149	ろんぐらいだぁす！	17254
20893	ワガママハイスペック	10369
24131	ワンピース シルバーマイン編	16335
24132	ワンピース ゾウ編	26863
26803	亜人	24534
24660	暗殺教室 第2期 課外授業編	29762
20536	暗殺教室(第2期)	78038
20964	闇芝居 三期	4983
20885	宇宙パトロールルル子	11746
24552	雨色ココア in Hawaii	1267
20884	影鰐-KAGEWANI-承	3360
28994	映画 きかんしゃトーマス 探せ!!謎の海賊船と失われた宝物	34
24262	映画 妖怪ウォッチ 空飛ぶクジラとダブル世界の大冒険だニャン！	2740
21607	映画「プリパラ み～んなのあこがれ♪レッツゴー☆プリパリ」- ひびきのコース	3774
21602	映画「プリパラ み～んなのあこがれ♪レッツゴー☆プリパリ」- ふわり・あじみのコース	4262
21608	映画「プリパラ み～んなのあこがれ♪レッツゴー☆プリパリ」- 親衛隊のコース	3493
23451	映画『orange -未来-』	15232
22791	映画かいけつゾロリ うちゅうの勇者たち	1815
28959	映画クレヨンしんちゃん 爆睡！ユメミーワールド大突撃	1089
22072	映画プリキュアオールスターズ みんなで歌う♪奇跡の魔法！	9147
22073	映画魔法つかいプリキュア！奇跡の変身！キュアモフルン！	9095
21176	夏目友人帳 伍	81386
21553	夏目友人帳 伍　特別編１　一夜盃（ひとよさかずき）	50108
21196	歌劇｢明治東亰恋伽～朧月の黒き猫～｣	5695
22439	牙狼＜GARO＞－DIVINE FLAME－	4943
21114	怪獣娘～ウルトラ怪獣擬人化計画～	8834
21236	灰と幻想のグリムガル	97576
20891	学戦都市アスタリスク 2nd SEASON	42230
20983	甘々と稲妻	59886
21113	奇異太郎少年の妖怪絵日記	13057
21184	機動戦士ガンダム 鉄血のオルフェンズ(第26話～)	59585
20918	機動戦士ガンダムユニコーン RE：0096	78508
20881	鬼斬	4075
20890	逆転裁判 ～その｢真実｣、異議あり！～	17212
22182	競女!!!!!!!!	30999
21109	響け！ユーフォニアム２	78931
24363	銀魂　第295.5話　愛染香篇・後編	15620
24362	銀魂　第295.5話　愛染香篇・前編	18273
25774	劇場版 艦これ	18353
23073	劇場版 探偵オペラ ミルキィホームズ　～逆襲のミルキィホームズ～	4279
23607	劇場版「ペルソナ３」 #4 Winter of Rebirth	18700
22723	劇場版「暗殺教室」365日の時間	50679
23021	劇場版『遊☆戯☆王 THE DARK SIDE OF DIMENSIONS』	24466
22959	劇場版アイカツスターズ！	7888
24003	劇場版マジェスティックプリンス－覚醒の遺伝子－	10464
24016	劇場版響け！ユーフォニアム～北宇治高校吹奏楽部へようこそ～	39670
26842	血界戦線 OAD「王様のレストランの王様」	12079
21841	月曜日のたわわ	71110
21008	犬小屋ちゃんねる	1448
22754	好きになるその瞬間を。～告白実行委員会～	27657
21676	甲鉄城のカバネリ	128478
27583	甲鉄城のカバネリ 総集編 前編 集う光	7927
20539	紅殻のパンドラ	17071
21907	黒崎真音 LIVE TOUR 2016 “Mystical Flowers”	1375
22531	黒子のバスケ ウインターカップ総集編～影と光～	13173
22533	黒子のバスケ ウインターカップ総集編～扉の向こう～	9549
22532	黒子のバスケ ウインターカップ総集編～涙の先へ～	9656
20878	黒田崇矢のかかってこんかい！with増田俊樹	4589
20550	最弱無敗の神装機竜《バハムート》	68433
20902	坂本ですが？	100923
20866	三者三葉	16238
21180	私がモテてどうすんだ	44836
21486	私立らいよん学園	1207
21085	七つの大罪 聖戦の予兆	43826
21183	灼熱の卓球娘	17292
23452	弱虫ペダル SPARE BIKE	13525
21107	終末のイゼッタ	49396
21864	舟を編む	37355
20991	初恋モンスター	19749
20887	少年アシベ GO！GO！ゴマちゃん	5363
21574	少年アシベ　ＧＯ！ＧＯ！ゴマちゃん　第2シリーズ	2450
20875	少年メイド	35629
21142	昭和元禄落語心中	42653
25762	食戟のソーマ OVA	12168
21041	食戟のソーマ 弐ノ皿	42725
21172	信長の忍び	12881
24237	新劇場版 頭文字[イニシャル]D Legend3 -夢現-	11011
25732	森川さんのはっぴーぼーらっきー　第三幕	624
20898	聖戦ケルベロス 竜刻のファタリテ	19656
20532	石膏ボーイズ	7067
20524	赤髪の白雪姫 2ndシーズン	68909
28576	赤髪の白雪姫 OVA「なんでもない宝物、この頁」	15696
21197	戦国鳥獣戯画	9878
20880	双星の陰陽師	44529
20546	蒼の彼方のフォーリズム	30455
20534	大家さんは思春期！	18819
21298	智一＆勝平の落語放浪記	1947
22770	竹達彩奈 LIVE 2016-2017　Lyrical Concerto	1894
21593	超歌劇(ウルトラミュージカル)『幕末Rock』黒船来航	720
23230	天地無用！魎皇鬼 第四期	8019
22946	田中くんはいつもけだるげ	49124
21173	刀剣乱舞-花丸-	68404
21170	内田彩 Hello! My Music ～COLORS～	2393
22032	南條愛乃 LIVE TOUR 2016"N"	2053
20552	虹色デイズ	23152
28665	忍たま乱太郎　第24シリーズ	4868
21373	忍たま乱太郎の宇宙大冒険withコズミックフロント☆NEXT	3576
21896	猫のダヤン　ふしぎ劇場	2453
20895	薄桜鬼～御伽草子～	7360
21705	彼女と彼女の猫 - Everything Flows -	22193
23103	秘密結社 鷹の爪 GT	3467
20939	美少女戦士セーラームーンCrystal 第3期＜デス・バスターズ編＞	22206
21027	美男高校地球防衛部LOVE！LOVE！	14555
20979	不機嫌なモノノケ庵	54781
20978	腐男子高校生活	17938
21664	舞台 増田こうすけ劇場 ギャグマンガ日和 デラックス風味	5199
21402	舞台「カードファイト!! ヴァンガード」 ～バーチャル・ステージ～	1288
21354	舞台「ノラガミー神と願いー」ディレクターズ・カット版	8332
21378	舞台「パタリロ！」	5574
25395	舞台「黒子のバスケ」THE ENCOUNTER	2915
22494	舞台「青の祓魔師」京都紅蓮篇	10160
21497	舞台『DIABOLIK LOVERS～re:requiem～』	4105
21077	舞台『K -Lost Small World-』	1796
21079	舞台『弱虫ペダル』～総北新世代、始動～	3245
21558	舞台『弱虫ペダル』～箱根学園（ハコガク）新世代、始動～	2426
28462	風のように	840
20869	文豪ストレイドッグス	231178
20527	僕だけがいない街	140803
20868	僕のヒーローアカデミア	147619
24153	僕のヒーローアカデミア（第2期） オリジナルアニメ	36824
20986	魔装学園H×H(ハイブリッドハート)	52305
24392	魔法つかいプリキュア！	22917
23408	魔法使いの嫁 星待つひと：後篇	34804
23286	魔法使いの嫁 星待つひと：前篇	44599
23407	魔法使いの嫁 星待つひと：中篇	34701
20998	魔法少女？ なりあ☆がーるず	1828
20569	魔法少女なんてもういいですから。	9604
21112	魔法少女なんてもういいですから。セカンドシーズン	5736
21178	魔法少女育成計画	56249
20537	無彩限のファントム・ワールド	67189
20989	迷家-マヨイガ-	31405
25297	余命彼氏vol.7～降り注ぐ追憶～	924
25298	余命彼氏vol.8～降り注ぐ追憶～	944
20627	旅街レイトショー	1014
21363	霊剣山 叡智への資格	11652
20554	霊剣山　星屑たちの宴	14080
22456	暦物語	67671
23897	連載40周年特別企画　舞台版「こちら葛飾区亀有公園前派出所」	1335
